{
  "LWTR": {
    "name": "LWTR",
    "value": 0.47933593750000003,
    "guesses": [
      0.01,
      0.9,
      0.455,
      0.6775,
      0.56625,
      0.510625,
      0.48281250000000003,
      0.46890625,
      0.47585937500000003,
      0.47933593750000003
    ],
    "keffs": [
      [
        0.46742448640552675,
        0.0007129115191716728
      ],
      [
        1.183602091716588,
        0.0010506907797624082
      ],
      [
        0.9867070957662665,
        0.0009555652672709315
      ],
      [
        1.0926734745724602,
        0.001072132416769138
      ],
      [
        1.04216281743581,
        0.0009787991917917516
      ],
      [
        1.014328068352688,
        0.0009518846392558611
      ],
      [
        1.0003640463680805,
        0.0009243287670523182
      ],
      [
        0.9941564952429758,
        0.0008747865228048359
      ],
      [
        0.9976436479928218,
        0.0009601797939039239
      ],
      [
        1.0006863937880792,
        0.001022648376512405
      ]
    ],
    "temperature": 293.15
  },
  "HWTR": {
    "name": "HWTR",
    "value": 0.5488671875,
    "guesses": [
      0.01,
      0.9,
      0.455,
      0.6775,
      0.56625,
      0.510625,
      0.5384375,
      0.55234375,
      0.545390625,
      0.5488671875
    ],
    "keffs": [
      [
        0.2319549105944442,
        0.00035848420634517
      ],
      [
        1.20669247901049,
        0.0009162771707344617
      ],
      [
        0.9274229190500625,
        0.0009227285709331709
      ],
      [
        1.0845718846903287,
        0.0008215948122400459
      ],
      [
        1.011099404765802,
        0.0007858839862191541
      ],
      [
        0.9713670040462504,
        0.0008063936947641794
      ],
      [
        0.9928195139426352,
        0.0008377008876409061
      ],
      [
        1.001202717674312,
        0.0007873843171090951
      ],
      [
        0.9961256172814624,
        0.0008095375383626353
      ],
      [
        1.0001977697339386,
        0.0007887185654708245
      ]
    ],
    "temperature": 293.15
  },
  "GRPH": {
    "name": "GRPH",
    "value": 0.6323046875,
    "guesses": [
      0.01,
      0.9,
      0.455,
      0.6775,
      0.56625,
      0.6218750000000001,
      0.6496875000000001,
      0.6357812500000001,
      0.6288281250000001,
      0.6323046875
    ],
    "keffs": [
      [
        0.18696651504593656,
        0.00023206022580044705
      ],
      [
        1.1625856826957834,
        0.0008767106887269889
      ],
      [
        0.8601893757357959,
        0.0008747597205430751
      ],
      [
        1.031439764568231,
        0.000837754249262493
      ],
      [
        0.9524154669239167,
        0.000686655027856266
      ],
      [
        0.9939281542085795,
        0.0008222428671197547
      ],
      [
        1.011610069807308,
        0.000846507480881126
      ],
      [
        1.0022183529408277,
        0.0007805686169579741
      ],
      [
        0.9985428498220886,
        0.0007428616906241457
      ],
      [
        1.0004799139008869,
        0.000807105459682892
      ]
    ],
    "temperature": 293.15
  },
  "GRPH10P": {
    "name": "GRPH10P",
    "value": 0.6323046875,
    "guesses": [
      0.01,
      0.9,
      0.455,
      0.6775,
      0.56625,
      0.6218750000000001,
      0.6496875000000001,
      0.6357812500000001,
      0.6288281250000001,
      0.6323046875
    ],
    "keffs": [
      [
        0.1872574319296102,
        0.0002592969330201788
      ],
      [
        1.161609090912335,
        0.0007829683146484159
      ],
      [
        0.860794350424891,
        0.0007339163896147538
      ],
      [
        1.032617738608755,
        0.0008033189321184579
      ],
      [
        0.9523834820205866,
        0.0007524118803337171
      ],
      [
        0.9933829413638372,
        0.0007092017988106635
      ],
      [
        1.0122720199436297,
        0.0007275442656372626
      ],
      [
        1.0022159199092175,
        0.000888816925819342
      ],
      [
        0.9982830599535053,
        0.0008396377642628155
      ],
      [
        1.000410779307093,
        0.000684801436606439
      ]
    ],
    "temperature": 293.15
  },
  "GRPH30P": {
    "name": "GRPH30P",
    "value": 0.6323046875,
    "guesses": [
      0.01,
      0.9,
      0.455,
      0.6775,
      0.56625,
      0.6218750000000001,
      0.6496875000000001,
      0.6357812500000001,
      0.6288281250000001,
      0.6323046875
    ],
    "keffs": [
      [
        0.18699388552968146,
        0.00022313057280153305
      ],
      [
        1.1618956035728631,
        0.0009043866026736099
      ],
      [
        0.860823927181259,
        0.0007828714753359067
      ],
      [
        1.0301241134886179,
        0.0008435662320502523
      ],
      [
        0.9515346096481178,
        0.0007148342638606273
      ],
      [
        0.9931726073183272,
        0.0007640852918901354
      ],
      [
        1.0129332445163073,
        0.0007936651820061001
      ],
      [
        1.003175333014829,
        0.0008206342235009031
      ],
      [
        0.9967781617822287,
        0.0008420799659600068
      ],
      [
        1.0002169692289447,
        0.0007808697153987765
      ]
    ],
    "temperature": 293.15
  },
  "HinYH": {
    "name": "HinYH",
    "value": 0.5488671875,
    "guesses": [
      0.01,
      0.9,
      0.455,
      0.6775,
      0.56625,
      0.510625,
      0.5384375,
      0.55234375,
      0.545390625,
      0.5488671875
    ],
    "keffs": [
      [
        0.3825422324207347,
        0.0006543553854246417
      ],
      [
        1.1645934429881282,
        0.0008872998300083236
      ],
      [
        0.9470640976912863,
        0.0008960330591740358
      ],
      [
        1.0654310186191351,
        0.0008782643741550183
      ],
      [
        1.0093415972996016,
        0.0008749325962762655
      ],
      [
        0.9796706871769215,
        0.000853233393631942
      ],
      [
        0.9927800551505855,
        0.0009706097165763185
      ],
      [
        1.001526037741268,
        0.0008904543045930235
      ],
      [
        0.998303965939686,
        0.0009581641103085804
      ],
      [
        0.9999775457640643,
        0.0010141129386098706
      ]
    ],
    "temperature": 293.15
  },
  "HinZrH": {
    "name": "HinZrH",
    "value": 0.5349609375,
    "guesses": [
      0.01,
      0.9,
      0.455,
      0.6775,
      0.56625,
      0.510625,
      0.5384375,
      0.52453125,
      0.531484375,
      0.5349609375
    ],
    "keffs": [
      [
        0.39113815754857506,
        0.0006309686915305761
      ],
      [
        1.1730474104594524,
        0.0008978042827940406
      ],
      [
        0.9531578041021818,
        0.0009178255500394356
      ],
      [
        1.073765194444774,
        0.0009953390601011743
      ],
      [
        1.0184195823923146,
        0.0009132427654165392
      ],
      [
        0.986273968799125,
        0.000959329374891556
      ],
      [
        1.002921519278992,
        0.0008561582045996578
      ],
      [
        0.9948825634074505,
        0.0008972779464430122
      ],
      [
        0.9977123547476083,
        0.0009450772011227598
      ],
      [
        1.000093297829052,
        0.0008238133085178045
      ]
    ],
    "temperature": 293.15
  },
  "SiinSiC": {
    "name": "SiinSiC",
    "value": 0.6253515625,
    "guesses": [
      0.01,
      0.9,
      0.455,
      0.6775,
      0.56625,
      0.6218750000000001,
      0.6496875000000001,
      0.6357812500000001,
      0.6288281250000001,
      0.6253515625
    ],