{
  "LWTR": {
    "name": "LWTR",
    "value": 0.056499023437500004,
    "guesses": [
      0.01,
      0.9,
      0.455,
      0.2325,
      0.12125,
      0.065625,
      0.0378125,
      0.05171875,
      0.058671875,
      0.0551953125,
      0.056933593750000004,
      0.056064453125000004,
      0.056499023437500004
    ],
    "keffs": [
      [
        0.31322137044606574,
        0.0002561169270062028
      ],
      [
        1.8569768353509932,
        0.00043119780951433157
      ],
      [
        1.7109414034333572,
        0.000553016452206165
      ],
      [
        1.541887022855548,
        0.0004989109588073897
      ],
      [
        1.3282575134998251,
        0.0006604919438029761
      ],
      [
        1.069648779555885,
        0.0006221345532560745
      ],
      [
        0.81131920183958,
        0.0005488080771187624
      ],
      [
        0.9578131964453693,
        0.0006660486209032542
      ],
      [
        1.016504927535945,
        0.0006114020791629134
      ],
      [
        0.9884964888804068,
        0.0006073806636782281
      ],
      [
        1.0029625647586398,
        0.0006688762967826686
      ],
      [
        0.9958749829225907,
        0.0005451510247147365
      ],
      [
        0.9999734712435091,
        0.0006306689613111116
      ]
    ],
    "temperature": 293.15
  },
  "HWTR": {
    "name": "HWTR",
    "value": 0.03368408203125,
    "guesses": [
      0.01,
      0.9,
      0.455,
      0.2325,
      0.12125,
      0.065625,
      0.0378125,
      0.02390625,
      0.030859375,
      0.034335937500000004,
      0.03259765625,
      0.033466796875,
      0.0339013671875,
      0.03368408203125
    ],
    "keffs": [
      [
        0.47133190969875205,
        0.00029014703945574584
      ],
      [
        1.979945722992877,
        0.0003609427670697168
      ],
      [
        1.8620890570893198,
        0.00037204928061560996
      ],
      [
        1.7207273934630458,
        0.0005141987476051879
      ],
      [
        1.538785600812375,
        0.0006019450347872783
      ],
      [
        1.3084847844153025,
        0.0006354476207849328
      ],
      [
        1.0554666600736875,
        0.0005610221744304122
      ],
      [
        0.8368390793427716,
        0.0004479252772200129
      ],
      [
        0.9592221522575359,
        0.0004802832603550647
      ],
      [
        1.010336979115324,
        0.0005177832317198847
      ],
      [
        0.9852106104014476,
        0.0006187123474903641
      ],
      [
        0.9979926967036059,
        0.0005357072691163751
      ],
      [
        1.0036783251557861,
        0.0005189443440921793
      ],
      [
        1.0001640178832876,
        0.0005343425576011218
      ]
    ],
    "temperature": 293.15
  },
  "GRPH": {
    "name": "GRPH",
    "value": 0.015540771484375,
    "guesses": [
      0.01,
      0.9,
      0.455,
      0.2325,
      0.12125,
      0.065625,
      0.0378125,
      0.02390625,
      0.016953125,
      0.0134765625,
      0.01521484375,
      0.016083984375,
      0.0156494140625,
      0.01543212890625,
      0.015540771484375
    ],
    "keffs": [
      [
        0.7770634643838455,
        0.0005373927041343858
      ],
      [
        2.2129865182935893,
        0.00035943372809156885
      ],
      [
        2.154404562956683,
        0.00030896103118002635
      ],
      [
        2.055307916482803,
        0.0004225795434909328
      ],
      [
        1.9051513167970036,
        0.0005170652023823716
      ],
      [
        1.6986952626848728,
        0.000570875961898117
      ],
      [
        1.460839368335958,
        0.0005931685263006567
      ],
      [
        1.229917562894399,
        0.000642214482901619
      ],
      [
        1.048276034889289,
        0.0006137299008187369
      ],
      [
        0.9289338275182913,
        0.0005376388934049531
      ],
      [
        0.9919019015561358,
        0.0005408851716085517
      ],
      [
        1.0207409673350365,
        0.0005716398884054229
      ],
      [
        1.006690920667663,
        0.0006136343419294351
      ],
      [
        0.9988849273750074,
        0.0005311616578201286
      ],
      [
        1.0025554062168374,
        0.0005606204604605396
      ]
    ],
    "temperature": 293.15
  },
  "GRPH10P": {
    "name": "GRPH10P",
    "value": 0.015540771484375,
    "guesses": [
      0.01,
      0.9,
      0.455,
      0.2325,
      0.12125,
      0.065625,
      0.0378125,
      0.02390625,
      0.016953125,
      0.0134765625,
      0.01521484375,
      0.016083984375,
      0.0156494140625,
      0.01543212890625,
      0.015540771484375
    ],
    "keffs": [
      [
        0.7761350372793668,
        0.0005299179443969332
      ],
      [
        2.212986518293573,
        0.00035943372809386573
      ],
      [
        2.1544045629566764,
        0.0003089610311641319
      ],
      [
        2.0553079164828127,
        0.0004225795434933459
      ],
      [
        1.905151316797006,
        0.0005170652023351978
      ],
      [
        1.6986952626848943,
        0.0005708759618850218
      ],
      [
        1.460839368335966,
        0.0005931685263211111
      ],
      [
        1.2304990284705324,
        0.0006269244259708064
      ],
      [
        1.0474030201716227,
        0.000584035726983392
      ],
      [
        0.9285646488539717,
        0.0006094383986792673
      ],
      [
        0.9906040801079776,
        0.0006214011166615495
      ],
      [
        1.0196052342613118,
        0.0005143909089044865
      ],
      [
        1.006982976207034,
        0.0006020984474202599
      ],
      [
        0.9990606447363273,
        0.0005588216815143679
      ],
      [
        1.0024624401818842,
        0.0006319146401939109
      ]
    ],
    "temperature": 293.15
  },
  "GRPH30P": {
    "name": "GRPH30P",
    "value": 0.015540771484375,
    "guesses": [
      0.01,
      0.9,
      0.455,
      0.2325,
      0.12125,
      0.065625,
      0.0378125,
      0.02390625,
      0.016953125,
      0.0134765625,
      0.01521484375,
      0.016083984375,
      0.0156494140625,
      0.01543212890625,
      0.015540771484375
    ],
    "keffs": [
      [
        0.7771142481150749,
        0.0005308600549870661
      ],
      [
        2.212986518293595,
        0.0003594337280911134
      ],
      [
        2.1544045629566826,
        0.0003089610312007741
      ],
      [
        2.055307916482795,
        0.00042257954346709595
      ],
      [
        1.9051513167970076,
        0.0005170652023515627
      ],
      [
        1.6986952626848866,
        0.0005708759619104728
      ],
      [
        1.4608393683359604,
        0.0005931685263435842
      ],
      [
        1.2296029032905464,
        0.0006014121938420191
      ],
      [
        1.0474031252646325,
        0.0005840430849840321
      ],
      [
        0.9275830122920375,
        0.0005440659383112594
      ],
      [
        0.9916589016594073,
        0.0006208990784085499
      ],
      [
        1.0203801496357956,
        0.0005763250026404462
      ],
      [
        1.0070087973511361,
        0.0005880172750120395
      ],
      [
        0.9988768741716619,
        0.0005946309656905452
      ],
      [
        1.0020130229400672,
        0.0005827373259108744
      ]
    ],
    "temperature": 293.15
  },
  "HinYH": {
    "name": "HinYH",
    "value": 0.058237304687500005,
    "guesses": [
      0.01,
      0.9,
      0.455,
      0.2325,
      0.12125,
      0.065625,
      0.0378125,
      0.05171875,
      0.058671875,
      0.0551953125,
      0.056933593750000004,
      0.057802734375000005,
      0.058237304687500005
    ],